{
  "IcoMoonType": "selection",
  "icons": [
    {
      "icon": {
        "paths": [
          "M1007.999 522.971c0 248.001-182 454.001-419.998 489.999v-345.998h115.999l22.001-144.001h-138v-91.999c0-40 19.997-78 81.999-78h61.999v-122.001c0 0-55.998-10-111.999-10-111.999 0-185.999 70-185.999 194v108h-126.002v144.001h126.002v345.998c-238-35.998-418-241.998-418-489.999 0-274 222-496 496-496s495.999 222 495.999 496z"
        ],
        "attrs": [],
        "isMulticolor": false,
        "isMulticolor2": false,
        "grid": 0,
        "tags": [
          "fb"
        ],
        "colorPermutations": {}
      },
      "attrs": [],
      "properties": {
        "order": 42,
        "id": 3,
        "name": "fb",
        "prevSize": 32
      },
      "setIdx": 0,
      "setId": 8,
      "iconIdx": 0
    },
    {
      "icon": {
        "paths": [
          "M232 1024h-210v-675.163h210v675.163zM125.871 258.516c-65.484 0-119.678-56.451-119.678-124.193 0-65.484 54.193-119.678 119.678-119.678 67.742 0 121.935 54.193 121.935 119.678 0 67.742-54.193 124.193-121.935 124.193zM1015.547 1024h-207.74v-327.419c0-79.033-2.259-178.387-110.645-178.387-108.389 0-124.195 83.548-124.195 171.612v334.194h-209.999v-675.163h200.968v92.583h2.256c29.356-51.937 97.098-108.389 198.709-108.389 212.259 0 252.905 140.001 252.905 320.647v370.321h-2.259z"
        ],
        "attrs": [],
        "isMulticolor": false,
        "isMulticolor2": false,
        "grid": 0,
        "tags": [
          "in"
        ],
        "colorPermutations": {}
      },
      "attrs": [],
      "properties": {
        "order": 41,
        "id": 2,
        "name": "in",
        "prevSize": 32
      },
      "setIdx": 0,
      "setId": 8,
      "iconIdx": 1
    },
    {
      "icon": {
        "paths": [
          "M1071.002 265.066c0 11.667 0 21 0 32.667 0 324.333-245.002 695.335-695.334 695.335-140.001 0-268.335-39.67-375.668-109.667 18.667 2.331 37.333 4.666 58.333 4.666 114.333 0 219.334-39.666 303.333-105.001-107.333-2.335-198.333-72.332-228.667-170.332 16.333 2.331 30.334 4.666 46.667 4.666 21 0 44.333-4.666 63-9.332-112-23.334-196-121.334-196-240.336v-2.331c32.667 18.668 72.333 28 112 30.334-67.667-44.336-109.667-119.002-109.667-203.002 0-46.666 11.666-88.666 32.667-123.666 121.333 147 303.333 245 506.335 256.667-4.669-18.667-7.001-37.333-7.001-56 0-135.333 109.667-245 244.999-245 70.001 0 133.001 28 179.668 77 53.668-11.667 107.332-32.667 153.999-60.667-18.668 58.334-55.999 105-107.332 135.334 48.998-4.667 98-18.667 139.998-37.333-32.666 49-74.667 91-121.33 126z"
        ],
        "attrs": [],
        "width": 1195,
        "isMulticolor": false,
        "isMulticolor2": false,
        "grid": 0,
        "tags": [
          "tw"
        ],
        "colorPermutations": {}
      },
      "attrs": [],
      "properties": {
        "order": 40,
        "id": 1,
        "name": "tw",
        "prevSize": 32
      },
      "setIdx": 0,
      "setId": 8,
      "iconIdx": 2
    },
    {
      "icon": {
        "paths": [
          "M1397.259 186.593c31.111 108.889 31.111 342.224 31.111 342.224s0 230.738-31.111 342.221c-15.557 62.221-64.815 108.889-124.446 124.443-111.479 28.52-552.22 28.52-552.22 28.52s-443.333 0-554.815-28.52c-59.629-15.553-108.889-62.221-124.444-124.443-31.111-111.483-31.111-342.221-31.111-342.221s0-233.335 31.111-342.224c15.556-62.222 64.815-111.481 124.444-127.037 111.482-31.111 554.815-31.111 554.815-31.111s440.741 0 552.22 31.111c59.631 15.556 108.889 64.815 124.446 127.037zM575.408 738.816l368.147-210-368.147-210.002v420.001z"
        ],
        "attrs": [],
        "width": 1441,
        "isMulticolor": false,
        "isMulticolor2": false,
        "grid": 0,
        "tags": [
          "youtub"
        ],
        "colorPermutations": {}
      },
      "attrs": [],
      "properties": {
        "order": 39,
        "id": 0,
        "name": "youtub",
        "prevSize": 32
      },
      "setIdx": 0,
      "setId": 8,
      "iconIdx": 3
    }
  ],
  "height": 1024,
  "preferences": {
    "showGlyphs": true,
    "showQuickUse": true,
    "showQuickUse2": true,
    "showSVGs": true,
    "fontPref": {
      "prefix": "icon-",
      "metadata": {
        "fontFamily": "icomoon"
      },
      "metrics": {
        "emSize": 1024,
        "baseline": 6.25,
        "whitespace": 50
      },
      "embed": false
    },
    "imagePref": {
      "prefix": "icon-",
      "png": true,
      "useClassSelector": true,
      "color": 0,
      "bgColor": 16777215,
      "classSelector": ".icon",
      "name": "icomoon",
      "height": 32,
      "columns": 16,
      "margin": 16,
      "addBgColor": true,
      "overrideSize": true,
      "addTitleTags": true,
      "minifyJs": true,
      "numPrefix": true
    },
    "historySize": 50,
    "showCodes": true,
    "gridSize": 16
  }
}